Compra ID;Fecha y Hora;Monto;Usuario ID;Nro de Articulo
1;2021012515:23;240000.000000;1;43
2;2021022812:20;233000.000000;2;78
3;2021052312:32;34000.000000;3;10
4;2021081718:30;3000.000000;4;77
5;2021090213:30;4500.000000;5;23
6;2021100315:30;5700.000000;1;25
7;2021100711:30;7700.000000;3;42
8;2021101018:30;5900.000000;2;34
9;2021112020:55;6400.000000;5;50
10;2021112212:00;5700.000000;4;25
